Date,Name,Year,Letterboxd URI,Rating
2023-11-08,The Usual Suspects,1995,https://boxd.it/29XE,5
2023-11-08,Good Will Hunting,1997,https://boxd.it/2ahY,5
2023-11-08,Scream,1996,https://boxd.it/24EC,5
2023-11-08,A Few Good Men,1992,https://boxd.it/29nw,5
2023-11-08,No Country for Old Men,2007,https://boxd.it/21ew,5
2023-11-08,Apocalypse Now,1979,https://boxd.it/6ZS,5
2023-11-08,Reservoir Dogs,1992,https://boxd.it/2agc,5
2023-11-08,The Grand Budapest Hotel,2014,https://boxd.it/3ZqO,5
2023-11-08,The Prestige,2006,https://boxd.it/293w,4.5
2023-11-08,Inglourious Basterds,2009,https://boxd.it/1JzG,4
2023-11-08,There Will Be Blood,2007,https://boxd.it/20Z2,4
2023-11-08,Fight Club,1999,https://boxd.it/2a9q,4
2023-11-08,Parasite,2019,https://boxd.it/hTha,4.5
2023-11-08,The Shawshank Redemption,1994,https://boxd.it/2aHi,4.5
2023-11-08,Whiplash,2014,https://boxd.it/7bQA,4
2023-11-08,One Flew Over the Cuckoo's Nest,1975,https://boxd.it/2aeA,4
2023-11-08,The Silence of the Lambs,1991,https://boxd.it/2aHW,4
2023-11-08,Se7en,1995,https://boxd.it/29zs,3.5
2023-11-08,Django Unchained,2012,https://boxd.it/2cCk,3.5
2023-11-08,Saving Private Ryan,1998,https://boxd.it/29ro,3.5
2023-11-08,Moonlight,2016,https://boxd.it/d6bE,4.5
2023-11-08,Full Metal Jacket,1987,https://boxd.it/2a1Q,4.5
2023-11-08,The Menu,2022,https://boxd.it/lScm,3
2023-11-08,Knives Out,2019,https://boxd.it/jWEA,3.5
2023-11-08,Joker,2019,https://boxd.it/h4cS,4
2023-11-08,Midsommar,2019,https://boxd.it/jhxe,4
2023-11-08,Lady Bird,2017,https://boxd.it/dGNE,3.5
2023-11-08,Get Out,2017,https://boxd.it/eOCm,4
2023-11-08,La La Land,2016,https://boxd.it/a5fa,4
2023-11-08,Interstellar,2014,https://boxd.it/4VZ8,3.5
2023-11-08,Gone Girl,2014,https://boxd.it/6hQu,3.5
2023-11-08,The Wolf of Wall Street,2013,https://boxd.it/3C1m,3
2023-11-08,Inception,2010,https://boxd.it/1skk,3.5
2023-11-08,The Dark Knight,2008,https://boxd.it/2b0k,4
2023-11-08,American Psycho,2000,https://boxd.it/28Vs,3.5
2023-11-08,The Truman Show,1998,https://boxd.it/18U8,3.5
2023-11-08,Pulp Fiction,1994,https://boxd.it/29Pq,4.5
2023-11-08,The Shining,1980,https://boxd.it/29Nu,4
2023-11-09,Almost Famous,2000,https://boxd.it/29CQ,5
2023-11-09,The Nice Guys,2016,https://boxd.it/94Hg,3.5
2023-11-09,The Martian,2015,https://boxd.it/8SeG,3.5
2023-11-09,The Big Short,2015,https://boxd.it/ajZw,3.5
2023-11-09,Shutter Island,2010,https://boxd.it/1U82,4
2023-11-09,The Social Network,2010,https://boxd.it/17ue,4
2023-11-09,Kill Bill: Vol. 1,2003,https://boxd.it/70w,4
2023-11-09,Fargo,1996,https://boxd.it/2aHM,3.5
2023-11-09,Taxi Driver,1976,https://boxd.it/2b8y,4
2023-11-09,12 Angry Men,1957,https://boxd.it/2auI,4.5
2023-11-09,Asteroid City,2023,https://boxd.it/s3ds,3.5
2023-11-09,Judas and the Black Messiah,2021,https://boxd.it/lsew,3.5
2023-11-09,Jojo Rabbit,2019,https://boxd.it/iEBG,3.5
2023-11-09,The Irishman,2019,https://boxd.it/dYOq,3.5
2023-11-09,Marriage Story,2019,https://boxd.it/hJAw,3.5
2023-11-09,Ford v Ferrari,2019,https://boxd.it/ce74,3
2023-11-09,Moana,2016,https://boxd.it/8tfY,3.5
2023-11-09,Green Room,2015,https://boxd.it/a75m,3
2023-11-09,The Master,2012,https://boxd.it/2cBG,4
2023-11-11,Mean Girls,2004,https://boxd.it/1VNg,3.5
2023-11-14,Good Time,2017,https://boxd.it/fcFu,4
2023-11-14,Ferris Bueller's Day Off,1986,https://boxd.it/1YPY,3.5
2023-11-14,The Great Gatsby,2013,https://boxd.it/JY,3
2023-11-14,A Quiet Place,2018,https://boxd.it/fVJQ,3.5
2023-11-14,Green Book,2018,https://boxd.it/hErk,4
2023-11-14,The Departed,2006,https://boxd.it/28MA,4
2023-11-15,Amadeus,1984,https://boxd.it/2aH8,4.5
2023-11-29,Silver Linings Playbook,2012,https://boxd.it/2TTo,4
2023-11-29,NYAD,2023,https://boxd.it/xOSM,3
2023-12-01,The Talented Mr. Ripley,1999,https://boxd.it/2924,5
2023-12-05,The Hunger Games: The Ballad of Songbirds & Snakes,2023,https://boxd.it/pZCY,3.5
2023-12-06,Glengarry Glen Ross,1992,https://boxd.it/1Yw8,4
2023-12-08,2001: A Space Odyssey,1968,https://boxd.it/2bf0,5
2023-12-09,Hell or High Water,2016,https://boxd.it/bfGM,4.5
2023-12-09,Free Solo,2018,https://boxd.it/iEEq,5
2023-12-14,Coco,2017,https://boxd.it/bYJQ,4.5
2023-12-14,The Lion King,1994,https://boxd.it/201Q,4.5
2023-12-16,Once Upon a Time... in Hollywood,2019,https://boxd.it/gH0O,3.5
2023-12-16,The Dark Knight Rises,2012,https://boxd.it/H3m,3.5
2023-12-19,The Florida Project,2017,https://boxd.it/dMG0,4.5
2023-12-19,The King of Comedy,1982,https://boxd.it/2aJS,4
2023-12-20,Horrible Bosses,2011,https://boxd.it/Ba2,4
2023-12-20,Horrible Bosses 2,2014,https://boxd.it/6HWy,3.5
2023-12-21,Mad Max: Fury Road,2015,https://boxd.it/2DjO,4
2023-12-23,The Batman,2022,https://boxd.it/eDGs,3.5
2023-12-24,Drive,2011,https://boxd.it/IG,3
2023-12-27,Rounders,1998,https://boxd.it/1WMS,3.5
2024-01-04,Saltburn,2023,https://boxd.it/z4eg,4.5
2024-01-04,Dunkirk,2017,https://boxd.it/d0Y6,3.5
2024-01-05,The Killing of a Sacred Deer,2017,https://boxd.it/dZ5G,2.5
2024-01-09,GoodFellas,1990,https://boxd.it/29FA,4.5
2024-01-12,Society of the Snow,2023,https://boxd.it/y9aw,3
2024-01-15,Moonrise Kingdom,2012,https://boxd.it/2Wng,4
2024-01-15,The Royal Tenenbaums,2001,https://boxd.it/1YHU,4.5
2024-01-15,Elvis,2022,https://boxd.it/mK4w,2.5
2024-01-15,Monty Python and the Holy Grail,1975,https://boxd.it/29GI,4
2024-01-15,Mystic River,2003,https://boxd.it/2aAG,4
2024-01-21,Mean Girls,2024,https://boxd.it/p6nO,1.5
2024-01-22,Talk to Me,2022,https://boxd.it/C6uQ,3
2024-01-27,12 Angry Men,1997,https://boxd.it/1Sg4,4
2024-01-27,L.A. Confidential,1997,https://boxd.it/27oC,4
2024-01-30,The Killer,2023,https://boxd.it/u6WE,3
2024-02-08,The Alpinist,2021,https://boxd.it/psEM,4
2024-02-13,A Clockwork Orange,1971,https://boxd.it/2aVE,4
2024-02-15,Kingsman: The Secret Service,2014,https://boxd.it/6dxe,3.5
2024-02-26,Fantastic Mr. Fox,2009,https://boxd.it/1WyQ,4
2024-03-04,Dune,2021,https://boxd.it/fA7G,4.5
2024-03-04,Dune: Part Two,2024,https://boxd.it/pUfA,5
2024-03-05,One Life,2023,https://boxd.it/sAhC,3.5
2024-03-11,X,2022,https://boxd.it/sxVa,1.5
2024-03-25,Barbie,2023,https://boxd.it/bCLK,3
2024-03-25,A Haunting in Venice,2023,https://boxd.it/zGdg,3
2024-03-25,Black Panther,2018,https://boxd.it/8MHs,3
2024-04-05,Anatomy of a Fall,2023,https://boxd.it/yuDE,4.5
2024-04-19,The Babadook,2014,https://boxd.it/77xu,3
2024-04-24,Monkey Man,2024,https://boxd.it/kvsO,4
2024-04-28,The SpongeBob SquarePants Movie,2004,https://boxd.it/1SYq,3.5
2024-05-11,Challengers,2024,https://boxd.it/zld0,3.5
2024-05-31,The Naked Gun: From the Files of Police Squad!,1988,https://boxd.it/18YE,4
2024-06-10,The Emperor's New Groove,2000,https://boxd.it/1Tey,4
2024-06-20,Game Night,2018,https://boxd.it/fRtu,4
2024-06-23,The Parent Trap,1998,https://boxd.it/1XJq,4.5
2024-06-27,Oppenheimer,2023,https://boxd.it/wUow,4.5
2024-07-12,Midnight in Paris,2011,https://boxd.it/i4a,4.5
2024-07-26,Boogie Nights,1997,https://boxd.it/23um,4
2024-07-27,Get Smart,2008,https://boxd.it/1Tig,3.5
2024-08-01,Gladiator,2000,https://boxd.it/2b9m,4.5
2024-08-05,Point Break,1991,https://boxd.it/2958,4
2024-08-05,Heat,1995,https://boxd.it/2bg8,5
2024-08-10,Longlegs,2024,https://boxd.it/KzLM,3.5
2024-08-22,Moonage Daydream,2022,https://boxd.it/A8Co,4.5
2024-08-24,The Green Knight,2021,https://boxd.it/kuy2,3
2024-08-30,American Hustle,2013,https://boxd.it/5dz8,3.5
2024-09-04,Molly's Game,2017,https://boxd.it/dSl8,3
2024-09-07,Legally Blonde,2001,https://boxd.it/1ZNa,3.5
2024-09-09,A Quiet Place: Day One,2024,https://boxd.it/sDAi,2
2024-09-23,Deep Impact,1998,https://boxd.it/1ZYM,3
2024-10-04,Leave the World Behind,2023,https://boxd.it/re0i,2.5
2024-10-08,Collateral,2004,https://boxd.it/28F0,3
2024-10-08,Baby Driver,2017,https://boxd.it/bhF2,2.5
2024-10-16,We Live in Time,2024,https://boxd.it/FC5u,3.5
2024-10-22,Red Eye,2005,https://boxd.it/1TNy,2.5
2024-11-05,Anora,2024,https://boxd.it/Egcw,4
2024-11-11,Conclave,2024,https://boxd.it/AO8q,4.5
2024-11-19,My Old Ass,2024,https://boxd.it/zLP0,4
2024-11-23,Heretic,2024,https://boxd.it/H1lY,3.5
2024-11-24,Glass Onion,2022,https://boxd.it/oCkK,2.5
2024-11-26,Red Dragon,2002,https://boxd.it/1Yrs,4
2024-11-27,Hit Man,2023,https://boxd.it/ANB2,3
2024-11-30,Midnight Run,1988,https://boxd.it/1ZnQ,3
2024-12-07,Woman of the Hour,2023,https://boxd.it/vuz2,3.5
2024-12-07,The Wonderful Story of Henry Sugar,2023,https://boxd.it/yNyo,3
2024-12-25,Home Alone,1990,https://boxd.it/29Fg,4
2024-12-27,The Holdovers,2023,https://boxd.it/vHza,4.5
2024-12-31,A Complete Unknown,2024,https://boxd.it/oBYa,4.5
2025-01-28,Nosferatu,2024,https://boxd.it/f5eG,3
2025-01-30,The Brutalist,2024,https://boxd.it/k4BO,4.5
2025-02-03,The Perks of Being a Wallflower,2012,https://boxd.it/2ZA8,4.5
2025-02-06,Wolfs,2024,https://boxd.it/x6zG,3
2025-02-13,Saturday Night,2024,https://boxd.it/Gpfo,3
2025-02-14,Companion,2025,https://boxd.it/F04o,4
2025-03-02,G.N.A.R.,2011,https://boxd.it/4thC,5
2025-03-05,Flow,2024,https://boxd.it/v1Ei,4.5
2025-03-07,Everything Everywhere All at Once,2022,https://boxd.it/jUk4,4
2025-03-13,Mickey 17,2025,https://boxd.it/q1Dk,3
2025-04-04,Le Bonheur,1965,https://boxd.it/xyk,4.5
2025-04-12,Kiss Kiss Bang Bang,2005,https://boxd.it/23c8,4
2025-04-22,Memories of Murder,2003,https://boxd.it/1TSo,4.5
2025-04-25,Rango,2011,https://boxd.it/QPk,3.5
2025-05-01,Sinners,2025,https://boxd.it/KQMM,4
2025-05-16,End of Watch,2012,https://boxd.it/2F5O,4
2025-05-19,The Place Beyond the Pines,2012,https://boxd.it/3mDu,3.5
2025-05-19,Burn After Reading,2008,https://boxd.it/23BW,3.5
2025-05-30,Sicario,2015,https://boxd.it/8i7u,5
2025-06-19,Mountainhead,2025,https://boxd.it/Sskq,3
2025-06-24,Materialists,2025,https://boxd.it/GZlW,3
2025-06-24,Sicario: Day of the Soldado,2018,https://boxd.it/e4fG,3
2025-06-25,Train to Busan,2016,https://boxd.it/dSQU,4
2025-06-27,28 Years Later,2025,https://boxd.it/FEGM,2.5
2025-06-29,Before the Devil Knows You're Dead,2007,https://boxd.it/20Jy,3
2025-07-07,Slumdog Millionaire,2008,https://boxd.it/1S3E,4
2025-07-08,F1,2025,https://boxd.it/yjVM,4
2025-07-09,Burnt,2015,https://boxd.it/9mVg,3.5
2025-07-22,The Amateur,2025,https://boxd.it/F9NW,3
2025-07-25,Inherent Vice,2014,https://boxd.it/5hla,5
2025-08-02,The Naked Gun,2025,https://boxd.it/Da9k,4.5
2025-08-04,Donnie Darko,2001,https://boxd.it/2b2A,3.5
2025-08-07,Oldboy,2003,https://boxd.it/29R2,4.5
2025-08-13,Weapons,2025,https://boxd.it/EMTM,4
2025-08-14,Freakier Friday,2025,https://boxd.it/GxwW,3
2025-08-22,14 Peaks: Nothing Is Impossible,2021,https://boxd.it/xDcA,4.5
2025-08-23,Deep Cover,1992,https://boxd.it/1D5g,3.5
2025-08-28,Relay,2024,https://boxd.it/Faee,2.5
2025-09-08,Phantom Thread,2017,https://boxd.it/e4uc,4
2025-09-15,The Conjuring: Last Rites,2025,https://boxd.it/Dh8e,2.5
2025-09-19,Caught Stealing,2025,https://boxd.it/LnyS,3
2025-09-19,Magnolia,1999,https://boxd.it/2aze,4.5
2025-09-22,28 Days Later,2002,https://boxd.it/2aXU,3.5
2025-09-26,Chinatown,1974,https://boxd.it/29vU,4.5
2025-10-01,One Battle After Another,2025,https://boxd.it/DUHM,4.5
2025-10-06,Friendship,2024,https://boxd.it/L6Dc,3
2025-10-07,Final Destination Bloodlines,2025,https://boxd.it/l5y4,3
2025-10-10,Eddington,2025,https://boxd.it/o6MC,3.5
2025-10-13,Roofman,2025,https://boxd.it/LcIW,2.5
2025-10-21,After the Hunt,2025,https://boxd.it/Mdra,2.5
2025-11-03,Bugonia,2025,https://boxd.it/qeWY,4
2025-11-09,Christy,2025,https://boxd.it/N6Ye,3
2025-11-15,Princess Mononoke,1997,https://boxd.it/2b4w,4
2025-11-17,Surf's Up,2007,https://boxd.it/1YKY,5
2025-11-18,Now You See Me: Now You Don't,2025,https://boxd.it/f3i2,3
2025-11-25,Ocean's Eight,2018,https://boxd.it/eaai,3
2025-11-27,I Know What You Did Last Summer,2025,https://boxd.it/EY8y,2.5
2025-11-29,The Day of the Jackal,1973,https://boxd.it/23GM,3.5
2026-01-07,Wake Up Dead Man,2025,https://boxd.it/uAKS,3
2026-01-09,Marty Supreme,2025,https://boxd.it/Off0,4.5
2026-01-09,Stranger Things 5: The Finale,2025,https://boxd.it/YqXW,3
2026-01-17,"Kumiko, the Treasure Hunter",2014,https://boxd.it/7bqC,4
2026-01-21,The Rip,2026,https://boxd.it/NP5y,3
2026-01-23,Casino Royale,2006,https://boxd.it/1alk,3.5
2026-01-30,Arrival,2016,https://boxd.it/aNGk,4.5
2026-02-04,Train Dreams,2025,https://boxd.it/LdDo,4.5
2026-02-05,Hamnet,2025,https://boxd.it/woVy,4
2026-02-14,Infinity Pool,2023,https://boxd.it/oPSK,4
2026-02-27,Mulholland Drive,2001,https://boxd.it/297o,5
2026-03-01,Triangle of Sadness,2022,https://boxd.it/hXlq,4
2026-03-26,Project Hail Mary,2026,https://boxd.it/pEeQ,4
2026-03-31,Jack Reacher,2012,https://boxd.it/2BUo,2.5
2026-04-03,The Drama,2026,https://boxd.it/OA2w,4
2026-04-13,Hoppers,2026,https://boxd.it/OFpg,3.5
2026-04-17,Primal Fear,1996,https://boxd.it/28ws,4.5
2026-04-20,The Super Mario Galaxy Movie,2026,https://boxd.it/KzPa,2.5
2026-04-20,Wind River,2017,https://boxd.it/dR3i,3.5
2026-04-28,The Infiltrator,2016,https://boxd.it/aCm4,2.5
2026-04-29,The Devil Wears Prada,2006,https://boxd.it/2awE,4
2026-04-29,The Iceman,2012,https://boxd.it/2co8,2
2026-05-05,Scooby-Doo 2: Monsters Unleashed,2004,https://boxd.it/1UPA,3
2026-05-07,The Devil Wears Prada 2,2026,https://boxd.it/Oags,3
2026-05-09,The Sheep Detectives,2026,https://boxd.it/NDSe,4
2026-05-11,Send Help,2026,https://boxd.it/JuhA,3
2026-05-11,Under the Silver Lake,2018,https://boxd.it/dSAs,4
2026-05-20,Obsession,2025,https://boxd.it/PNqo,4.5
2026-05-29,Tuner,2025,https://boxd.it/POtS,3.5
2026-06-10,Licorice Pizza,2021,https://boxd.it/qTKY,3
2026-06-12,Lost Highway,1997,https://boxd.it/29Wc,3.5
2026-06-15,Backrooms,2026,https://boxd.it/EY6W,3
2026-06-16,Disclosure Day,2026,https://boxd.it/MDJY,3.5
2026-06-23,Toy Story 5,2026,https://boxd.it/F06E,3
2026-06-23,Hokum,2026,https://boxd.it/SUeq,3
2026-07-06,"Three Billboards Outside Ebbing, Missouri",2017,https://boxd.it/ceBS,4
2026-07-13,No Other Choice,2025,https://boxd.it/nKiA,4.5
2026-07-20,Super 8,2011,https://boxd.it/dVI,4
2026-07-21,The Odyssey,2026,https://boxd.it/QFQU,4.5
2026-08-04,Limitless,2011,https://boxd.it/Aly,3
2026-08-12,Empire of the Sun,1987,https://boxd.it/1X4i,4
2026-08-18,The Invite,2026,https://boxd.it/zRNY,4.5
2026-08-31,Meru,2015,https://boxd.it/aixm,4
2026-08-31,A History of Violence,2005,https://boxd.it/2bfa,3.5
