Date,Name,Year,Letterboxd URI,Rating,Rewatch,Review,Tags,Watched Date
2024-01-04,Saltburn,2023,https://boxd.it/5umQxv,4.5,,Very similar to the talented Mr Ripley which I also love. Great cinematography and music and story,,2024-01-03
2024-01-05,The Killing of a Sacred Deer,2017,https://boxd.it/5uYxGT,2.5,,Jesus Christ,,2024-01-04
2024-01-21,Mean Girls,2024,https://boxd.it/5E8OPp,1.5,,"Nothing compared to the original, but stand alone still not good",,2024-01-19
2024-01-27,12 Angry Men,1997,https://boxd.it/5GXPql,4,,Had only seen the original movie adaptation. Great performances in this one,,2024-01-26
2024-01-27,L.A. Confidential,1997,https://boxd.it/5H1Q2n,4,,I wanna be a '50s LA detective,,2024-01-26
2024-01-30,The Killer,2023,https://boxd.it/5IIg4H,3,,I liked how they kept playing the smiths but otherwise it was very meh,,2024-01-29
2024-02-08,The Alpinist,2021,https://boxd.it/5Mwwdx,4,,RIP Marc,,2024-02-07
2024-02-13,A Clockwork Orange,1971,https://boxd.it/5P4pdh,4,,Watched a long time ago super disturbing in a great way,,2024-02-12
2024-02-15,Kingsman: The Secret Service,2014,https://boxd.it/5PRHin,3.5,,Love freebird,,2024-02-14
2024-03-04,Dune,2021,https://boxd.it/5Yhfwb,4.5,,A must watch it's got it all,,2024-03-03
2024-03-04,Dune: Part Two,2024,https://boxd.it/5Yhhdl,5,,"It's like GOT, Star Wars and mad max all in one movie. Absolutely fantastic.",,2024-03-03
2024-03-05,One Life,2023,https://boxd.it/5YQw6z,3.5,,Was expecting kung fu panda 4 but got this instead. Quite different but really good.,,2024-03-04
2024-03-11,X,2022,https://boxd.it/61v1Ev,1.5,,Don't watch this,,2024-03-10
2024-03-25,A Haunting in Venice,2023,https://boxd.it/67QdWx,3,,Love whodunnits but these are like all the same now just in a different setting,,2024-03-24
2024-03-25,Black Panther,2018,https://boxd.it/67Qgbf,3,,"Cool movie held back by cringe humor and a ""what are those"" joke that I'm sure was just as cringey in 2018",,2024-03-24
2024-04-05,Anatomy of a Fall,2023,https://boxd.it/6ddeEP,4.5,,Deserved all the Oscars. Cool seeing the French alps after I was just there. So so good,,2024-04-04
2024-04-19,The Babadook,2014,https://boxd.it/6iQPw7,3,,Good scary movie. Like hereditary but slightly less scary,,2024-04-18
2024-04-24,Monkey Man,2024,https://boxd.it/6kUtgx,4,,I don't use the term rad often but this movie was rad,,2024-04-23
2024-04-28,The SpongeBob SquarePants Movie,2004,https://boxd.it/6mxkPb,3.5,,Obviously a re watch but insane how well this movie holds up and is so well written,,2024-04-28
2024-05-11,Challengers,2024,https://boxd.it/6s0XFn,3.5,,Really liked it. The intense music starting up and blaring during every serious conversation was funny,,2024-05-10
2024-05-31,The Naked Gun: From the Files of Police Squad!,1988,https://boxd.it/6A80Ah,4,,Leslie Nielsen is the goat,,2024-05-30
2024-06-10,The Emperor's New Groove,2000,https://boxd.it/6Ead9D,4,,No joke one of my favorite movies can watch it a million times and never get tired of it,,2024-06-09
2024-06-27,Oppenheimer,2023,https://boxd.it/6KUv6X,4.5,,Watched this on my iPod touch while making dinner,,2024-06-26
2024-07-04,Get Smart,2008,https://boxd.it/6NK9q9,4,,So stupid yet so incredible,,2024-07-03
2024-07-26,Boogie Nights,1997,https://boxd.it/6XH6Oh,4,,Great movie fantastic music,,2024-07-26
2024-08-05,Point Break,1991,https://boxd.it/71Nojz,4,,Love this movie so much just some of the acting and parts of the writing are pretty bad,,2024-08-04
2024-08-05,Heat,1995,https://boxd.it/71ZLJJ,5,,Watched a while ago but never rated. Pacino and Deniro facing off instant classic,,2024-08-04
2024-08-10,Longlegs,2024,https://boxd.it/73Toez,3.5,,I really liked the overall atmosphere of the movie especially the old videos they would show. Nicholas cage was a convincing psychopath once you got over the fact that it was nick cage. The story was good up until the resolution where they were just like yeah it actually is this magic orb and it was the devil the whole time. Was the mom brainwashed or was she really only doing it for Lee and if that's the case why not turn in nick cage it was just one guy. Maybe I missed something but I enjoyed it.,,2024-08-09
2024-08-22,Moonage Daydream,2022,https://boxd.it/79KrWb,4.5,,I loved this. Great music selection from his very large discography and loved the interview snippets and visuals. Been listening to sound and vision and the Low album a lot so I enjoyed its inclusion. A truly unique individual. I also found it interesting he mentioned being influenced by Kerouac's writing since I've heard my other favorite artists also reference him as an inspiration both in their art and lifestyle. I wish they spoke of his time in Montreaux since I was just there and saw where he and queen wrote and recorded under pressure.,,2024-08-21
2024-08-30,American Hustle,2013,https://boxd.it/7dnIvB,3.5,,Enjoyed this movie. Christian bale and J Law great performances,,2024-08-29
2024-09-04,Molly's Game,2017,https://boxd.it/7fFv0f,3,,"Love Aaron Sorkin, movie was p good",,2024-09-03
2024-09-09,A Quiet Place: Day One,2024,https://boxd.it/7hTb93,2,,I got bored,,2024-09-08
2024-10-04,Leave the World Behind,2023,https://boxd.it/7t3WBd,2.5,,Def very entertaining and I like the concept just was never fully invested,,2024-10-03
2024-10-08,Baby Driver,2017,https://boxd.it/7uU3Up,2.5,,Idk it just didn't do it for me,,2024-10-07
2024-10-22,Red Eye,2005,https://boxd.it/7BWJQh,2.5,,His accent threw me off the whole movie,,2024-10-21
2024-11-11,Conclave,2024,https://boxd.it/7MjyGh,4.5,,Ralph Fiennes breathing loudly for two hours,,2024-11-10
2024-11-19,My Old Ass,2024,https://boxd.it/7QAaP5,4,,Reminded me of boyhood,,2024-11-18
2024-11-23,Heretic,2024,https://boxd.it/7So9rP,3.5,,"Enjoyed the theological discussion, pretty good movie loved Hugh",,2024-11-22
2024-11-24,Glass Onion,2022,https://boxd.it/7T0YZJ,2.5,,Entertaining but meh. Got in like 100 ads in 2 hours,,2024-11-23
2024-11-26,Red Dragon,2002,https://boxd.it/7U6hhv,4,,Big Ralph fiennes guy,,2024-11-25
2024-11-27,Hit Man,2023,https://boxd.it/7Uw9xx,3,,Enjoyed it a lot more than I thought I would I was expecting it to suck,,2024-11-26
2024-12-07,Woman of the Hour,2023,https://boxd.it/7Ziqad,3.5,,Love the vibe,,2024-12-06
2024-12-07,The Wonderful Story of Henry Sugar,2023,https://boxd.it/7ZiqJd,3,,I like this,,2024-12-06
2024-12-27,The Holdovers,2023,https://boxd.it/8bfrTl,4.5,,This is how you should feel while watching a movie,,2024-12-26
2024-12-31,A Complete Unknown,2024,https://boxd.it/8fbCKn,4.5,,Full of great music Timmy did a great job. Would love to party in the 60s with subterranean homesick blues playing in the background.,,2024-12-30
2025-01-28,Nosferatu,2024,https://boxd.it/8DXW4X,3,,I didn't like when he ate the birds head,,2025-01-27
2025-01-30,The Brutalist,2024,https://boxd.it/8FuG6N,4.5,,"Can he now make a movie about the Haussmann renovation of Paris I think that'd be my favorite movie of all time.

Pre-intermission: 6/5 
Post intermission: 4/5 

4.9999999",,2025-01-29
2025-02-03,The Perks of Being a Wallflower,2012,https://boxd.it/8IyET9,4.5,,Heroes is the best song ever im glad they appreciate it too. I love how they shared music I want to give and receive mixtapes and playlists like that.,,2025-02-02
2025-02-06,Wolfs,2024,https://boxd.it/8KiDBp,3,,"Very entertaining, great for a plane watch",,2025-02-05
2025-02-13,Saturday Night,2024,https://boxd.it/8OtzjT,3,,Another good plane watch,,2025-02-12
2025-02-14,Companion,2025,https://boxd.it/8PjQUh,4,,Really enjoyed this one,,2025-02-13
2025-03-02,G.N.A.R.,2011,https://boxd.it/8ZTJcp,5,,Greatest piece of media ever produced,,2025-03-01
2025-03-05,Flow,2024,https://boxd.it/91QKDj,4.5,,Fantastic. I wish this was real I want to hang out with them,,2025-03-04
2025-03-07,Everything Everywhere All at Once,2022,https://boxd.it/9341Et,4,,What a unique movie. At first I wasn't really bought in to how everything seemed a little over the too  but I ended up loving it.,,2025-03-06
2025-03-13,Mickey 17,2025,https://boxd.it/96Wr1d,3,,"It pains me to say that 3 stars is generous. 

I love the book and was maybe too excited leading up to watching. They cut half of every storyline and then would check back in and expect people to understand / care about something that was never fully fleshed out. 

Loved some individual performances tho 

Need this movie to have the Dune treatment and get a remake in several years because the universe is too good to let die",,2025-03-12
2025-04-04,Le Bonheur,1965,https://boxd.it/9jqgmH,4.5,,"Didn't love how French bill hader replaced his wife so quickly, but that's like the point of the movie.

Really a beautiful film. It was refreshingly slow and with bright colors and a cheerful score that  contrasted the dark storyline",,2025-04-03
2025-04-12,Kiss Kiss Bang Bang,2005,https://boxd.it/9nzhbf,4,,Early 2000s version of the nice guys so I really liked it,,2025-04-11
2025-04-22,Memories of Murder,2003,https://boxd.it/9uhQ1r,4.5,,Banger,,2025-04-21
2025-04-25,Rango,2011,https://boxd.it/9vU2Id,3.5,,Had a little bit of everything,,2025-04-24
2025-05-01,Sinners,2025,https://boxd.it/9zhTPp,4,,Becoming a vampire makes u nasty on the banjo,,2025-04-30
2025-05-16,End of Watch,2012,https://boxd.it/9HVTG5,4,,I knew how it was gonna end right from the start he was too cool. Great movie,,2025-05-15
2025-05-20,Burn After Reading,2008,https://boxd.it/9KbJ33,3.5,,I like JK Simmons,,2025-05-19
2025-06-19,Mountainhead,2025,https://boxd.it/a2O5r5,3,,Not the best but fun enough. Enjoyed the constant philosophical misinterpretations,,2025-06-18
2025-06-24,Materialists,2025,https://boxd.it/a650Tf,3,,Very up and down movie for me. Felt like strong writing and acting at some points and then really bad at others. Enjoyed it though,,2025-06-23
2025-06-24,Sicario: Day of the Soldado,2018,https://boxd.it/a6wXmj,3,,Benicio and Josh brolin are so cool they easily distract me from the fact that this movie isn't that good,,2025-06-23
2025-06-25,Train to Busan,2016,https://boxd.it/a7csTv,4,,Banger,,2025-06-24
2025-06-27,28 Years Later,2025,https://boxd.it/a8pf4f,2.5,,Comically gory. I liked it but I never felt invested in any of the characters and spike and his mom were kinda annoying. Track suit king fu cult at the end made me laugh,,2025-06-26
2025-06-29,Before the Devil Knows You're Dead,2007,https://boxd.it/a9il33,3,,Philip is the best,,2025-06-28
2025-07-08,F1,2025,https://boxd.it/ag3S1R,4,,Just a great cinematic experience and fun movie. Sat 2nd row (not on purpose) and felt like I was in the car,,2025-07-07
2025-07-22,The Amateur,2025,https://boxd.it/aqGAVb,3,,Good plane movie but not much more than that,,2025-07-21
2025-07-25,Inherent Vice,2014,https://boxd.it/at2WBp,5,,"I love how this movie looks. I love PTA. I can most definitely see it not working for everyone though. 

Great 60s/70s music. Every PTA film I watch I always wish I could watch again for the first time",,2025-07-24
2025-08-02,The Naked Gun,2025,https://boxd.it/az7xHr,4.5,,"Have not laughed this much in a theater in a decade. Did justice to the original movies. 

Dumb but great",,2025-08-01
2025-08-04,Donnie Darko,2001,https://boxd.it/aBrNVR,3.5,,This just made me sad,,2025-08-03
2025-08-07,Oldboy,2003,https://boxd.it/aDG5vN,4.5,,I don't want any of this to happen to me,,2025-08-06
2025-08-13,Weapons,2025,https://boxd.it/aIlg8X,4,,Equally entertaining and thrilling lived up to the hype,,2025-08-12
2025-08-14,Freakier Friday,2025,https://boxd.it/aJ1hiX,3,,I actually really enjoyed this good nostalgia,,2025-08-13
2025-08-22,14 Peaks: Nothing Is Impossible,2021,https://boxd.it/aOAel5,4.5,,"This is the most insane thing anyone has ever done (need a doc on Kristin Harila and her FKT) 

Very inspiring for my measly Aconcagua summit bid in December. 

Smoking cigs and partying at basecamp on K2 was my favorite part. 

Kind of wish it was more footage of the climb on each mountain",,2025-08-21
2025-08-23,Deep Cover,1992,https://boxd.it/aP3oKx,3.5,,Great movie with funny 90s movie moments that weren't supposed to be funny,,2025-08-22
2025-08-28,Relay,2024,https://boxd.it/aT5rOd,2.5,,Didn't like it at all until like an hour and a half in. Then only kinda liked it,,2025-08-27
2025-09-08,Phantom Thread,2017,https://boxd.it/b0C2cR,4,,1/4 stars of this is solely for the New Years Eve scene,,2025-09-07
2025-09-15,The Conjuring: Last Rites,2025,https://boxd.it/b4Ohrx,2.5,,Spends one day in small town Pennsylvania and offs himself,,2025-09-14
2025-09-17,Magnolia,1999,https://boxd.it/b60ZLT,4.5,,"This movie was over 3 hours long and I truly wish it was so much longer. 

I wanted to stay in this world with these characters even though this was one of the loneliest and depressing movies I've ever seen. I cannot remember another movie making me feel the range of emotions I just did. I cannot believe that this many storylines worked and I cared about all of them for over 3 hours. 

Not to mention almost everyone in this movie gave one of their career best performances (I'm sure there are movies I haven't seen where maybe they're better but Cruise and Moore especially were unbelievably great). I also love how surprisingly perfect John C Reilly is for each role he's in when working with PTA.

Almost every scene Donnie is in is gutting. ""I have so much love to give but don't know where to put it"" comes when you thought the depression was over

This is a must watch what a movie

EDIT: the entire movie I kept thinking to myself John C Reilly as a cop looks exactly like the cop in weapons and did some reading and turns out he was modeled after John C Reilly's character in Magnolia mustache and all that's so cool",,2025-09-16
2025-09-19,Caught Stealing,2025,https://boxd.it/b6FLqz,3,,This movie was alright. Half a star for action Bronson. I feel like if the writing was better the performances wouldn't have been as flat. Not as bad as Anil and Viv's reviews made me think it would be,,2025-09-18
2025-09-26,Chinatown,1974,https://boxd.it/bba5yz,4.5,,"I love film noir and Jack Nicholson 

Chinatown, LA Confidential, Inherent Vice. I love a good dark LA detective story",,2025-09-25
2025-10-01,One Battle After Another,2025,https://boxd.it/benjiN,4.5,,Sensei Sergio my goat,,2025-10-01
2025-10-06,Friendship,2024,https://boxd.it/bhChK3,3,,You do one weird thing and you're toast,,2025-10-05
2025-10-07,Final Destination Bloodlines,2025,https://boxd.it/biezmJ,3,,This was funny I liked the ending,,2025-10-06
2025-10-10,Eddington,2025,https://boxd.it/bjUayt,3.5,,"Makes me wanna throw away my phone. 

Some parts a little too much others very accurately portraying this time period that I haven't seen done in a non cringe way.",,2025-10-09
2025-10-13,Roofman,2025,https://boxd.it/bm1XzH,2.5,,Was just never bought into it especially Channing and Kristen,,2025-10-12
2025-10-20,Parasite,2019,https://boxd.it/bq9WHx,4.5,Yes,Near perfect movie every time I watch,,2025-10-19
2025-10-21,After the Hunt,2025,https://boxd.it/brnUdR,2.5,,I think I get what he was going for but it fell flat,,2025-10-20
2025-10-30,Scream,1996,https://boxd.it/bxwT0p,5,Yes,The perfect most re-watchable movie I can't believe there are still people out there who haven't seen it,,2025-10-29
2025-11-01,The Shining,1980,https://boxd.it/byx8Z7,4,Yes,Watched the longer version and thought the pacing was still great,,2025-10-31
2025-11-03,Bugonia,2025,https://boxd.it/bAB3Op,4,,Really liked how it took a much darker turn towards the end. First half was pretty slow but really enjoyed,,2025-11-02
2025-11-09,Christy,2025,https://boxd.it/bDQo8L,3,,Her story is both incredible and heartbreaking. Sydney's performance was really good in a few parts but often times her accent and shadow boxing just took me out of the movie lol,,2025-11-08
2025-11-15,Princess Mononoke,1997,https://boxd.it/bIAr8n,4,,I wanna be him he's so cool,,2025-11-14
2025-11-17,Surf's Up,2007,https://boxd.it/bK7bUF,5,,If I had 5 to pick 5 movies that I could watch the rest of my life this would be in my 5. Best soundtrack ever,,2025-11-16
2025-11-18,Now You See Me: Now You Don't,2025,https://boxd.it/bKVXZD,3,,"Entertaining, obviously good amount of cringe but we knew that going into it",,2025-11-17
2025-11-25,Ocean's Eight,2018,https://boxd.it/bPMB2B,3,,Plane movie,,2025-11-24
2025-11-27,I Know What You Did Last Summer,2025,https://boxd.it/bQZRy9,2.5,,It's like if scream was bad. Great for a plane ride though,,2025-11-26
2025-11-29,The Day of the Jackal,1973,https://boxd.it/bS6ny7,3.5,,Ended very abruptly,,2025-11-28
2025-12-08,Marty Supreme,2025,https://boxd.it/bYwxn5,3.5,,"Want to start by saying great movie. I really wish Timmy showed a little more emotion throughout the film instead of just a lot of yelling. I do think he played the character very well and it def seems like it was written for him. The final scene with the baby is what I felt the most and wish there was more of that. 

Uncut gems style but not as much anxiety. 

Also score could have been better I think, just similar thing where I didn't really feeeeel it and the music was part of that. 

All in all great movie that everyone must watch",,2025-12-07
2026-01-07,Wake Up Dead Man,2025,https://boxd.it/cucdXF,3,,Better than glass onion but that's not saying much,,2026-01-06
2026-01-09,Marty Supreme,2025,https://boxd.it/cwZtVL,4.5,Yes,Full extra star after seeing it in theaters. Great movie made for the big screen,,2026-01-08
2026-01-09,Stranger Things 5: The Finale,2025,https://boxd.it/cwZwMd,3,,"One hour of ""wait.... say that again"" and one hour of fan service. It was like fine idk",,2026-01-08
2026-01-17,"Kumiko, the Treasure Hunter",2014,https://boxd.it/cG22vj,4,,"Very good looking movie, tragic story",,2026-01-16
2026-01-21,The Rip,2026,https://boxd.it/cKtE1r,3,,Pretty good for a Netflix movie,,2026-01-20
2026-01-30,Arrival,2016,https://boxd.it/cTNIlL,4.5,,Wow,,2026-01-29
2026-02-04,Train Dreams,2025,https://boxd.it/cYTAFF,4.5,,As gorgeous a movie as it is heartbreaking,,2026-02-03
2026-02-05,Hamnet,2025,https://boxd.it/cZP5mj,4,,Jesse Buckley crushed the entire runtime but I wasn't really bought in for the first hour. The back half was magnificent though I wasn't enthralled,,2026-02-04
2026-02-14,Infinity Pool,2023,https://boxd.it/d6UGrj,4,,This movie was so good but so fucked up,,2026-02-12
2026-02-27,Mulholland Drive,2001,https://boxd.it/djWgKv,5,,Oh my god,,2026-02-26
2026-03-01,Triangle of Sadness,2022,https://boxd.it/dl1cP1,4,,My one critique is that it didn't have to be 2.5 hours long,,2026-02-28
2026-03-26,Project Hail Mary,2026,https://boxd.it/dGADe1,4,,So good. They got a little greedy towards the end but so good,,2026-03-25
2026-04-03,The Drama,2026,https://boxd.it/dNR4W5,4,,If you see this please talk to me about it,,2026-04-02
2026-04-13,Hoppers,2026,https://boxd.it/dXosdF,3.5,,This was fun,,2026-04-12
2026-04-17,Primal Fear,1996,https://boxd.it/e0rkzr,4.5,,Edward Norton in this is one of my favorite performances ever fully carries the movie,,2026-04-16
2026-04-20,The Super Mario Galaxy Movie,2026,https://boxd.it/e2x6xL,2.5,,Good background movie,,2026-04-19
2026-04-20,Wind River,2017,https://boxd.it/e2YztH,3.5,,Lotta Carhartt,,2026-04-19
2026-04-29,The Devil Wears Prada,2006,https://boxd.it/e9vnTj,4,,Great movie,,2026-04-28
2026-05-05,Scooby-Doo 2: Monsters Unleashed,2004,https://boxd.it/eeDdeh,3,,Myyysssteeryyyyyyyyy incooooooorporaaaated,,2026-05-04
2026-05-07,The Devil Wears Prada 2,2026,https://boxd.it/egxwb3,3,,Streep and Tucci are the only ones with chemistry in this movie,,2026-05-06
2026-05-09,The Sheep Detectives,2026,https://boxd.it/ehrQh3,4,,If the latest knives out was actually good and the cast was all sheep,,2026-05-08
2026-05-11,Send Help,2026,https://boxd.it/ejoban,3,,It's like triangle of sadness without the sex,,2026-05-10
2026-05-11,Under the Silver Lake,2018,https://boxd.it/ejUG6Z,4,,"I can't really tell if this is a masterpiece or a movie that's trying to do too much but I loved it. I absolutely love noir and neo noir type movies that are weird and psychedelic (inherent vice being one of my favorites), so this worked for me but once again can easily see gore it doesn't work for a lot of people. 

It's like if Chinatown, inherent vice, and midsommar had a weird child",,2026-05-10
2026-05-20,Obsession,2025,https://boxd.it/er5LPZ,4.5,,This movie has it. This is the feeling I was hoping I was going to get from long legs. One of the best horror movies in recent memory,,2026-05-19
2026-05-29,Tuner,2025,https://boxd.it/ey1boD,3.5,,Really good movie Dustin Hoffman was great.,,2026-05-28
2026-06-10,Licorice Pizza,2021,https://boxd.it/eIQJFP,3,,Loved the look and the vibe and the music just never got too invested,,2026-06-09
2026-06-12,Lost Highway,1997,https://boxd.it/eKXSyb,3.5,,I enjoy being unsettled,,2026-06-11
2026-06-15,Backrooms,2026,https://boxd.it/eNFf1t,3,,Like the aesthetic but was kinda flat,,2026-06-14
2026-06-16,Disclosure Day,2026,https://boxd.it/eOwejn,3.5,,I think this is a good movie despite some of its glaring issues. I didn't enjoy when it tried to be this action movie with death defying stunts and some of the two places at once stuff didn't fully work for me. I think the last half hour made up for that and then some when it got back to what the movie always should have been about. Definitely did have old movie nostalgia made and set in modern times,,2026-06-15
2026-06-23,Toy Story 5,2026,https://boxd.it/eU9Pfv,3,,Fun movie some parts worked some didn't nothing crazy,,2026-06-22
2026-06-23,Hokum,2026,https://boxd.it/eUlJLf,3,,Pretty scary pretty good horror movie nothing special though,,2026-06-22
2026-07-06,"Three Billboards Outside Ebbing, Missouri",2017,https://boxd.it/f6wLR5,4,,The Michael Jordan of Eddingtons,,2026-07-05
2026-07-13,No Other Choice,2025,https://boxd.it/fdfiMp,4.5,,Near perfect movie. I said wow out loud multiple times with some of these transitions/cuts. Truly a masterpiece,,2026-07-12
2026-07-17,The Invite,2026,https://boxd.it/fhai7d,4,,Best casting ever. Everyone absolutely nailed their roles. I could listen to an Edward Norton monologue for the entire run time. Great writing and great use of one apartment with 4 people. Really did feel like a play in the best way possible. Absolutely hilarious Seth Rogan comedic delivery master class Olivia Wilde very impressive directing and perfect in her role. Penelope knew exactly what to do with her character. So good,,2026-07-16
2026-07-20,Super 8,2011,https://boxd.it/fkKx1t,4,,"I'm thirsty, we're in a warzone",,2026-07-19
2026-07-21,The Odyssey,2026,https://boxd.it/flQ8Gn,4.5,,Epic. Better than Oppenheimer,,2026-07-20
2026-08-04,Limitless,2011,https://boxd.it/fDp8M9,3,,Very entertaining movie but some scenes are the most ridiculous thing I've ever seen (ice skating scene),,2026-08-03
2026-08-12,Empire of the Sun,1987,https://boxd.it/fMNh53,4,,Christian bale owning the stage since a young child,,2026-08-11
2026-08-18,The Invite,2026,https://boxd.it/fTOfEb,4.5,Yes,Might even be better on the second watch. Love the mirrors,,2026-08-18
