Name,Year,Rating,Review
The Usual Suspects,1995,5.0,
Good Will Hunting,1997,5.0,
Scream,1996,5.0,The perfect most re-watchable movie I can't believe there are still people out there who haven't seen it
A Few Good Men,1992,5.0,
No Country for Old Men,2007,5.0,
Apocalypse Now,1979,5.0,
Reservoir Dogs,1992,5.0,
The Grand Budapest Hotel,2014,5.0,
The Prestige,2006,4.5,
Inglourious Basterds,2009,4.0,
There Will Be Blood,2007,4.0,
Fight Club,1999,4.0,
Parasite,2019,4.5,Near perfect movie every time I watch
The Shawshank Redemption,1994,4.5,
Whiplash,2014,4.0,
One Flew Over the Cuckoo's Nest,1975,4.0,
The Silence of the Lambs,1991,4.0,
Se7en,1995,3.5,
Django Unchained,2012,3.5,
Saving Private Ryan,1998,3.5,
Moonlight,2016,4.5,
Full Metal Jacket,1987,4.5,
The Menu,2022,3.0,
Knives Out,2019,3.5,
Joker,2019,4.0,
Midsommar,2019,4.0,
Lady Bird,2017,3.5,
Get Out,2017,4.0,
La La Land,2016,4.0,
Interstellar,2014,3.5,
Gone Girl,2014,3.5,
The Wolf of Wall Street,2013,3.0,
Inception,2010,3.5,
The Dark Knight,2008,4.0,
American Psycho,2000,3.5,
The Truman Show,1998,3.5,
Pulp Fiction,1994,4.5,
The Shining,1980,4.0,Watched the longer version and thought the pacing was still great
Almost Famous,2000,5.0,
The Nice Guys,2016,3.5,
The Martian,2015,3.5,
The Big Short,2015,3.5,
Shutter Island,2010,4.0,
The Social Network,2010,4.0,
Kill Bill: Vol. 1,2003,4.0,
Fargo,1996,3.5,
Taxi Driver,1976,4.0,
12 Angry Men,1957,4.5,
Asteroid City,2023,3.5,
Judas and the Black Messiah,2021,3.5,
Jojo Rabbit,2019,3.5,
The Irishman,2019,3.5,
Marriage Story,2019,3.5,
Ford v Ferrari,2019,3.0,
Moana,2016,3.5,
Green Room,2015,3.0,
The Master,2012,4.0,
Mean Girls,2004,3.5,
Good Time,2017,4.0,
Ferris Bueller's Day Off,1986,3.5,
The Great Gatsby,2013,3.0,
A Quiet Place,2018,3.5,
Green Book,2018,4.0,
The Departed,2006,4.0,
Amadeus,1984,4.5,
Silver Linings Playbook,2012,4.0,
NYAD,2023,3.0,
The Talented Mr. Ripley,1999,5.0,
The Hunger Games: The Ballad of Songbirds & Snakes,2023,3.5,
Glengarry Glen Ross,1992,4.0,
2001: A Space Odyssey,1968,5.0,
Hell or High Water,2016,4.5,
Free Solo,2018,5.0,
Coco,2017,4.5,
The Lion King,1994,4.5,
Once Upon a Time... in Hollywood,2019,3.5,
The Dark Knight Rises,2012,3.5,
The Florida Project,2017,4.5,
The King of Comedy,1982,4.0,
Horrible Bosses,2011,4.0,
Horrible Bosses 2,2014,3.5,
Mad Max: Fury Road,2015,4.0,
The Batman,2022,3.5,
Drive,2011,3.0,
Rounders,1998,3.5,
Saltburn,2023,4.5,Very similar to the talented Mr Ripley which I also love. Great cinematography and music and story
Dunkirk,2017,3.5,
The Killing of a Sacred Deer,2017,2.5,Jesus Christ
GoodFellas,1990,4.5,
Society of the Snow,2023,3.0,
Moonrise Kingdom,2012,4.0,
The Royal Tenenbaums,2001,4.5,
Elvis,2022,2.5,
Monty Python and the Holy Grail,1975,4.0,
Mystic River,2003,4.0,
Mean Girls,2024,1.5,"Nothing compared to the original, but stand alone still not good"
Talk to Me,2022,3.0,
12 Angry Men,1997,4.0,Had only seen the original movie adaptation. Great performances in this one
L.A. Confidential,1997,4.0,I wanna be a '50s LA detective
The Killer,2023,3.0,I liked how they kept playing the smiths but otherwise it was very meh
The Alpinist,2021,4.0,RIP Marc
A Clockwork Orange,1971,4.0,Watched a long time ago super disturbing in a great way
Kingsman: The Secret Service,2014,3.5,Love freebird
Fantastic Mr. Fox,2009,4.0,
Dune,2021,4.5,A must watch it's got it all
Dune: Part Two,2024,5.0,"It's like GOT, Star Wars and mad max all in one movie. Absolutely fantastic."
One Life,2023,3.5,Was expecting kung fu panda 4 but got this instead. Quite different but really good.
X,2022,1.5,Don't watch this
Barbie,2023,3.0,
A Haunting in Venice,2023,3.0,Love whodunnits but these are like all the same now just in a different setting
Black Panther,2018,3.0,"Cool movie held back by cringe humor and a ""what are those"" joke that I'm sure was just as cringey in 2018"
Anatomy of a Fall,2023,4.5,Deserved all the Oscars. Cool seeing the French alps after I was just there. So so good
The Babadook,2014,3.0,Good scary movie. Like hereditary but slightly less scary
Monkey Man,2024,4.0,I don't use the term rad often but this movie was rad
The SpongeBob SquarePants Movie,2004,3.5,Obviously a re watch but insane how well this movie holds up and is so well written
Challengers,2024,3.5,Really liked it. The intense music starting up and blaring during every serious conversation was funny
The Naked Gun: From the Files of Police Squad!,1988,4.0,Leslie Nielsen is the goat
The Emperor's New Groove,2000,4.0,No joke one of my favorite movies can watch it a million times and never get tired of it
Game Night,2018,4.0,
The Parent Trap,1998,4.5,
Oppenheimer,2023,4.5,Watched this on my iPod touch while making dinner
Midnight in Paris,2011,4.5,
Boogie Nights,1997,4.0,Great movie fantastic music
Get Smart,2008,3.5,So stupid yet so incredible
Gladiator,2000,4.5,
Point Break,1991,4.0,Love this movie so much just some of the acting and parts of the writing are pretty bad
Heat,1995,5.0,Watched a while ago but never rated. Pacino and Deniro facing off instant classic
Longlegs,2024,3.5,I really liked the overall atmosphere of the movie especially the old videos they would show. Nicholas cage was a convincing psychopath once you got over the fact that it was nick cage. The story was good up until the resolution where they were just like yeah it actually is this magic orb and it was the devil the whole time. Was the mom brainwashed or was she really only doing it for Lee and if that's the case why not turn in nick cage it was just one guy. Maybe I missed something but I enjoyed it.
Moonage Daydream,2022,4.5,I loved this. Great music selection from his very large discography and loved the interview snippets and visuals. Been listening to sound and vision and the Low album a lot so I enjoyed its inclusion. A truly unique individual. I also found it interesting he mentioned being influenced by Kerouac's writing since I've heard my other favorite artists also reference him as an inspiration both in their art and lifestyle. I wish they spoke of his time in Montreaux since I was just there and saw where he and queen wrote and recorded under pressure.
The Green Knight,2021,3.0,
American Hustle,2013,3.5,Enjoyed this movie. Christian bale and J Law great performances
Molly's Game,2017,3.0,"Love Aaron Sorkin, movie was p good"
Legally Blonde,2001,3.5,
A Quiet Place: Day One,2024,2.0,I got bored
Deep Impact,1998,3.0,
Leave the World Behind,2023,2.5,Def very entertaining and I like the concept just was never fully invested
Collateral,2004,3.0,
Baby Driver,2017,2.5,Idk it just didn't do it for me
We Live in Time,2024,3.5,
Red Eye,2005,2.5,His accent threw me off the whole movie
Anora,2024,4.0,
Conclave,2024,4.5,Ralph Fiennes breathing loudly for two hours
My Old Ass,2024,4.0,Reminded me of boyhood
Heretic,2024,3.5,"Enjoyed the theological discussion, pretty good movie loved Hugh"
Glass Onion,2022,2.5,Entertaining but meh. Got in like 100 ads in 2 hours
Red Dragon,2002,4.0,Big Ralph fiennes guy
Hit Man,2023,3.0,Enjoyed it a lot more than I thought I would I was expecting it to suck
Midnight Run,1988,3.0,
Woman of the Hour,2023,3.5,Love the vibe
The Wonderful Story of Henry Sugar,2023,3.0,I like this
Home Alone,1990,4.0,
The Holdovers,2023,4.5,This is how you should feel while watching a movie
A Complete Unknown,2024,4.5,Full of great music Timmy did a great job. Would love to party in the 60s with subterranean homesick blues playing in the background.
Nosferatu,2024,3.0,I didn't like when he ate the birds head
The Brutalist,2024,4.5,"Can he now make a movie about the Haussmann renovation of Paris I think that'd be my favorite movie of all time.

Pre-intermission: 6/5 
Post intermission: 4/5 

4.9999999"
The Perks of Being a Wallflower,2012,4.5,Heroes is the best song ever im glad they appreciate it too. I love how they shared music I want to give and receive mixtapes and playlists like that.
Wolfs,2024,3.0,"Very entertaining, great for a plane watch"
Saturday Night,2024,3.0,Another good plane watch
Companion,2025,4.0,Really enjoyed this one
G.N.A.R.,2011,5.0,Greatest piece of media ever produced
Flow,2024,4.5,Fantastic. I wish this was real I want to hang out with them
Everything Everywhere All at Once,2022,4.0,What a unique movie. At first I wasn't really bought in to how everything seemed a little over the too  but I ended up loving it.
Mickey 17,2025,3.0,"It pains me to say that 3 stars is generous. 

I love the book and was maybe too excited leading up to watching. They cut half of every storyline and then would check back in and expect people to understand / care about something that was never fully fleshed out. 

Loved some individual performances tho 

Need this movie to have the Dune treatment and get a remake in several years because the universe is too good to let die"
Le Bonheur,1965,4.5,"Didn't love how French bill hader replaced his wife so quickly, but that's like the point of the movie.

Really a beautiful film. It was refreshingly slow and with bright colors and a cheerful score that  contrasted the dark storyline"
Kiss Kiss Bang Bang,2005,4.0,Early 2000s version of the nice guys so I really liked it
Memories of Murder,2003,4.5,Banger
Rango,2011,3.5,Had a little bit of everything
Sinners,2025,4.0,Becoming a vampire makes u nasty on the banjo
End of Watch,2012,4.0,I knew how it was gonna end right from the start he was too cool. Great movie
The Place Beyond the Pines,2012,3.5,
Burn After Reading,2008,3.5,I like JK Simmons
Sicario,2015,5.0,
Mountainhead,2025,3.0,Not the best but fun enough. Enjoyed the constant philosophical misinterpretations
Materialists,2025,3.0,Very up and down movie for me. Felt like strong writing and acting at some points and then really bad at others. Enjoyed it though
Sicario: Day of the Soldado,2018,3.0,Benicio and Josh brolin are so cool they easily distract me from the fact that this movie isn't that good
Train to Busan,2016,4.0,Banger
28 Years Later,2025,2.5,Comically gory. I liked it but I never felt invested in any of the characters and spike and his mom were kinda annoying. Track suit king fu cult at the end made me laugh
Before the Devil Knows You're Dead,2007,3.0,Philip is the best
Slumdog Millionaire,2008,4.0,
F1,2025,4.0,Just a great cinematic experience and fun movie. Sat 2nd row (not on purpose) and felt like I was in the car
Burnt,2015,3.5,
The Amateur,2025,3.0,Good plane movie but not much more than that
Inherent Vice,2014,5.0,"I love how this movie looks. I love PTA. I can most definitely see it not working for everyone though. 

Great 60s/70s music. Every PTA film I watch I always wish I could watch again for the first time"
The Naked Gun,2025,4.5,"Have not laughed this much in a theater in a decade. Did justice to the original movies. 

Dumb but great"
Donnie Darko,2001,3.5,This just made me sad
Oldboy,2003,4.5,I don't want any of this to happen to me
Weapons,2025,4.0,Equally entertaining and thrilling lived up to the hype
Freakier Friday,2025,3.0,I actually really enjoyed this good nostalgia
14 Peaks: Nothing Is Impossible,2021,4.5,"This is the most insane thing anyone has ever done (need a doc on Kristin Harila and her FKT) 

Very inspiring for my measly Aconcagua summit bid in December. 

Smoking cigs and partying at basecamp on K2 was my favorite part. 

Kind of wish it was more footage of the climb on each mountain"
Deep Cover,1992,3.5,Great movie with funny 90s movie moments that weren't supposed to be funny
Relay,2024,2.5,Didn't like it at all until like an hour and a half in. Then only kinda liked it
Phantom Thread,2017,4.0,1/4 stars of this is solely for the New Years Eve scene
The Conjuring: Last Rites,2025,2.5,Spends one day in small town Pennsylvania and offs himself
Caught Stealing,2025,3.0,This movie was alright. Half a star for action Bronson. I feel like if the writing was better the performances wouldn't have been as flat. Not as bad as Anil and Viv's reviews made me think it would be
Magnolia,1999,4.5,"This movie was over 3 hours long and I truly wish it was so much longer. 

I wanted to stay in this world with these characters even though this was one of the loneliest and depressing movies I've ever seen. I cannot remember another movie making me feel the range of emotions I just did. I cannot believe that this many storylines worked and I cared about all of them for over 3 hours. 

Not to mention almost everyone in this movie gave one of their career best performances (I'm sure there are movies I haven't seen where maybe they're better but Cruise and Moore especially were unbelievably great). I also love how surprisingly perfect John C Reilly is for each role he's in when working with PTA.

Almost every scene Donnie is in is gutting. ""I have so much love to give but don't know where to put it"" comes when you thought the depression was over

This is a must watch what a movie

EDIT: the entire movie I kept thinking to myself John C Reilly as a cop looks exactly like the cop in weapons and did some reading and turns out he was modeled after John C Reilly's character in Magnolia mustache and all that's so cool"
28 Days Later,2002,3.5,
Chinatown,1974,4.5,"I love film noir and Jack Nicholson 

Chinatown, LA Confidential, Inherent Vice. I love a good dark LA detective story"
One Battle After Another,2025,4.5,Sensei Sergio my goat
Friendship,2024,3.0,You do one weird thing and you're toast
Final Destination Bloodlines,2025,3.0,This was funny I liked the ending
Eddington,2025,3.5,"Makes me wanna throw away my phone. 

Some parts a little too much others very accurately portraying this time period that I haven't seen done in a non cringe way."
Roofman,2025,2.5,Was just never bought into it especially Channing and Kristen
After the Hunt,2025,2.5,I think I get what he was going for but it fell flat
Bugonia,2025,4.0,Really liked how it took a much darker turn towards the end. First half was pretty slow but really enjoyed
Christy,2025,3.0,Her story is both incredible and heartbreaking. Sydney's performance was really good in a few parts but often times her accent and shadow boxing just took me out of the movie lol
Princess Mononoke,1997,4.0,I wanna be him he's so cool
Surf's Up,2007,5.0,If I had 5 to pick 5 movies that I could watch the rest of my life this would be in my 5. Best soundtrack ever
Now You See Me: Now You Don't,2025,3.0,"Entertaining, obviously good amount of cringe but we knew that going into it"
Ocean's Eight,2018,3.0,Plane movie
I Know What You Did Last Summer,2025,2.5,It's like if scream was bad. Great for a plane ride though
The Day of the Jackal,1973,3.5,Ended very abruptly
Wake Up Dead Man,2025,3.0,Better than glass onion but that's not saying much
Marty Supreme,2025,4.5,"Want to start by saying great movie. I really wish Timmy showed a little more emotion throughout the film instead of just a lot of yelling. I do think he played the character very well and it def seems like it was written for him. The final scene with the baby is what I felt the most and wish there was more of that. 

Uncut gems style but not as much anxiety. 

Also score could have been better I think, just similar thing where I didn't really feeeeel it and the music was part of that. 

All in all great movie that everyone must watch"
Marty Supreme,2025,4.5,Full extra star after seeing it in theaters. Great movie made for the big screen
Stranger Things 5: The Finale,2025,3.0,"One hour of ""wait.... say that again"" and one hour of fan service. It was like fine idk"
"Kumiko, the Treasure Hunter",2014,4.0,"Very good looking movie, tragic story"
The Rip,2026,3.0,Pretty good for a Netflix movie
Casino Royale,2006,3.5,
Arrival,2016,4.5,Wow
Train Dreams,2025,4.5,As gorgeous a movie as it is heartbreaking
Hamnet,2025,4.0,Jesse Buckley crushed the entire runtime but I wasn't really bought in for the first hour. The back half was magnificent though I wasn't enthralled
Infinity Pool,2023,4.0,This movie was so good but so fucked up
Mulholland Drive,2001,5.0,Oh my god
Triangle of Sadness,2022,4.0,My one critique is that it didn't have to be 2.5 hours long
Project Hail Mary,2026,4.0,So good. They got a little greedy towards the end but so good
Jack Reacher,2012,2.5,
The Drama,2026,4.0,If you see this please talk to me about it
Hoppers,2026,3.5,This was fun
Primal Fear,1996,4.5,Edward Norton in this is one of my favorite performances ever fully carries the movie
The Super Mario Galaxy Movie,2026,2.5,Good background movie
Wind River,2017,3.5,Lotta Carhartt
The Infiltrator,2016,2.5,
The Devil Wears Prada,2006,4.0,Great movie
The Iceman,2012,2.0,
Scooby-Doo 2: Monsters Unleashed,2004,3.0,Myyysssteeryyyyyyyyy incooooooorporaaaated
The Devil Wears Prada 2,2026,3.0,Streep and Tucci are the only ones with chemistry in this movie
The Sheep Detectives,2026,4.0,If the latest knives out was actually good and the cast was all sheep
Send Help,2026,3.0,It's like triangle of sadness without the sex
Under the Silver Lake,2018,4.0,"I can't really tell if this is a masterpiece or a movie that's trying to do too much but I loved it. I absolutely love noir and neo noir type movies that are weird and psychedelic (inherent vice being one of my favorites), so this worked for me but once again can easily see gore it doesn't work for a lot of people. 

It's like if Chinatown, inherent vice, and midsommar had a weird child"
Obsession,2025,4.5,This movie has it. This is the feeling I was hoping I was going to get from long legs. One of the best horror movies in recent memory
Tuner,2025,3.5,Really good movie Dustin Hoffman was great.
Licorice Pizza,2021,3.0,Loved the look and the vibe and the music just never got too invested
Lost Highway,1997,3.5,I enjoy being unsettled
Backrooms,2026,3.0,Like the aesthetic but was kinda flat
Disclosure Day,2026,3.5,I think this is a good movie despite some of its glaring issues. I didn't enjoy when it tried to be this action movie with death defying stunts and some of the two places at once stuff didn't fully work for me. I think the last half hour made up for that and then some when it got back to what the movie always should have been about. Definitely did have old movie nostalgia made and set in modern times
Toy Story 5,2026,3.0,Fun movie some parts worked some didn't nothing crazy
Hokum,2026,3.0,Pretty scary pretty good horror movie nothing special though
"Three Billboards Outside Ebbing, Missouri",2017,4.0,The Michael Jordan of Eddingtons
No Other Choice,2025,4.5,Near perfect movie. I said wow out loud multiple times with some of these transitions/cuts. Truly a masterpiece
Super 8,2011,4.0,"I'm thirsty, we're in a warzone"
The Odyssey,2026,4.5,Epic. Better than Oppenheimer
Limitless,2011,3.0,Very entertaining movie but some scenes are the most ridiculous thing I've ever seen (ice skating scene)
Empire of the Sun,1987,4.0,Christian bale owning the stage since a young child
The Invite,2026,4.5,Best casting ever. Everyone absolutely nailed their roles. I could listen to an Edward Norton monologue for the entire run time. Great writing and great use of one apartment with 4 people. Really did feel like a play in the best way possible. Absolutely hilarious Seth Rogan comedic delivery master class Olivia Wilde very impressive directing and perfect in her role. Penelope knew exactly what to do with her character. So good
The Invite,2026,4.5,Might even be better on the second watch. Love the mirrors
Meru,2015,4.0,
A History of Violence,2005,3.5,
